{"chungcheong": {"opus-mt": 0.9470752372515271, "m2m_100_1.2B": 0.9675170528622726, "mbart50_m2en": 0.9262549216095814}, "gangwon": {"opus-mt": 0.9072598085084919, "m2m_100_1.2B": 0.9400752051942249, "mbart50_m2en": 0.8681755113761933}, "gyeongsang": {"opus-mt": 0.9454481876927073, "m2m_100_1.2B": 0.965941780091817, "mbart50_m2en": 0.9259811604189886}, "jeju": {"opus-mt": 0.7608873632181021, "m2m_100_1.2B": 0.8394357143336083, "mbart50_m2en": 0.6582491375272371}, "jeonla": {"opus-mt": 0.930035895981915, "m2m_100_1.2B": 0.953923541529707, "mbart50_m2en": 0.8900629369614796}}