{"gyeongsang": {"baseline_bert_score": 0.7962992940411707, "pred_bert_score": 0.7966221751628414}, "jeonla": {"baseline_bert_score": 0.7909471217328831, "pred_bert_score": 0.7907758426123521}, "jeju": {"baseline_bert_score": 0.7742372544829409, "pred_bert_score": 0.7805571247552158}, "chungcheong": {"baseline_bert_score": 0.7932346146340379, "pred_bert_score": 0.7935308947964719}, "gangwon": {"baseline_bert_score": 0.786436358610326, "pred_bert_score": 0.7869986510924749}}