{"gyeongsang": {"baseline_bert_score": 0.754316085938657, "pred_bert_score": 0.7550310769320144}, "jeonla": {"baseline_bert_score": 0.7498014237997823, "pred_bert_score": 0.7505897385043694}, "jeju": {"baseline_bert_score": 0.7304355054031005, "pred_bert_score": 0.7389910826876791}, "chungcheong": {"baseline_bert_score": 0.7531696212721498, "pred_bert_score": 0.7541028792851849}, "gangwon": {"baseline_bert_score": 0.743269928143173, "pred_bert_score": 0.7451489453307513}}