{"gyeongsang": {"baseline_bert_score": 0.9560841112211899, "pred_bert_score": 0.9751632577438769}, "jeonla": {"baseline_bert_score": 0.9514875988430159, "pred_bert_score": 0.9681346432952442}, "jeju": {"baseline_bert_score": 0.9216126415339084, "pred_bert_score": 0.9535759759809463}, "chungcheong": {"baseline_bert_score": 0.9523852565178067, "pred_bert_score": 0.9729988817938519}, "gangwon": {"baseline_bert_score": 0.9443884818998953, "pred_bert_score": 0.9634950253393972}}