{"gyeongsang": {"baseline_bert_score": 0.9411454415799062, "pred_bert_score": 0.9752468388710033}, "jeonla": {"baseline_bert_score": 0.9388318534249926, "pred_bert_score": 0.9706606816577315}, "jeju": {"baseline_bert_score": 0.9127152211210324, "pred_bert_score": 0.9556596428487665}, "chungcheong": {"baseline_bert_score": 0.9406385176663643, "pred_bert_score": 0.9791190622899862}, "gangwon": {"baseline_bert_score": 0.9326332460144117, "pred_bert_score": 0.965729785626799}}