{"gyeongsang": {"baseline_bert_score": 0.9477223083955101, "pred_bert_score": 0.9801179325023827}, "jeonla": {"baseline_bert_score": 0.9483643820850719, "pred_bert_score": 0.9755635579518105}, "jeju": {"baseline_bert_score": 0.9229311681041039, "pred_bert_score": 0.9633564140473303}, "chungcheong": {"baseline_bert_score": 0.9496025357633205, "pred_bert_score": 0.9825372496032251}, "gangwon": {"baseline_bert_score": 0.9417468746480162, "pred_bert_score": 0.9712543171585479}}