{"chungcheong": {"opus-mt": 0.9322254211901928, "m2m_100_1.2B": 0.9518535571242877, "exaone_filtered": 0.9588081110767653}, "gangwon": {"opus-mt": 0.8837724827920201, "m2m_100_1.2B": 0.9166113064476601, "exaone_filtered": 0.9226684266285591}, "gyeongsang": {"opus-mt": 0.9318748450294128, "m2m_100_1.2B": 0.9505281938284942, "exaone_filtered": 0.9604386027583782}, "jeju": {"opus-mt": 0.7139504892777727, "m2m_100_1.2B": 0.7902867559205126, "exaone_filtered": 0.7805384982206351}, "jeonla": {"opus-mt": 0.9096059726252209, "m2m_100_1.2B": 0.9331801383188467, "exaone_filtered": 0.9418803034660457}}