{"acc.": 95.79381384241437, "bleu": 0.9281651565950816}