{"stop_early": true, "early_stopping_step": 3, "early_stopping_best_val": 0.3748777722809779, "learning_rate": 0.0005, "epoch_index": 14, "train_loss": [0.5995137276768836, 0.5393909973503779, 0.5673590057014096, 0.5666753601194465, 0.4706711080737249, 0.4477292032200771, 0.439602496500027, 0.43345720968621804, 0.49605499459010427, 0.4364339808906181, 0.41922231885225986, 0.410520085475765, 0.41887083088326854, 0.4221528740789646, 0.4266996636757211, 0.40949303995613207, 0.40073621402040277, 0.3868696827558124, 0.38197999074686273, 0.3737586376690086, 0.3707404223644581, 0.3658678573497053, 0.3645356602084155], "train_acc": [92.4483925532464, 92.91920494583061, 92.60564674013426, 92.72799243971232, 93.46700085672755, 93.63876851088042, 93.68249681140229, 93.73157246240305, 93.18303049826889, 93.68331638048285, 93.82237877954714, 93.90023194004351, 93.84222796501231, 93.81269840134321, 93.76034402794875, 93.924746560189, 94.02363124729251, 94.14853663830935, 94.2053395423072, 94.27646825333727, 94.31343613277778, 94.36644754166277, 94.37604040592956], "val_loss": [0.4847346743216698, 0.4733204869384351, 0.5033839117237884, 0.42897280672559895, 0.4011937112029768, 0.3943067561827246, 0.3849702000789678, 0.4189316886750341, 0.4099555445624265, 0.3774138603492129, 0.3788160803303773, 0.3748777722809779, 0.38135593736091544, 0.38841298179032296, 0.3834118155707916, 0.38009187759306046, 0.37821271586070554, 0.37600733982476975, 0.37546020008066844, 0.3763454345850972, 0.37678514693163817, 0.37730305374134315], "val_acc": [94.91303180402541, 94.9874877375815, 94.6991932458231, 95.41516339668753, 95.6244351968628, 95.6666692021397, 95.76306168467612, 95.40431157155886, 95.5107904896965, 95.7799174260592, 95.81198347497192, 95.85096084803038, 95.7457480048749, 95.72001147549433, 95.82112276085141, 95.83935354989676, 95.90151500560641, 95.91343311660721, 95.92340994945883, 95.91761813599425, 95.91526441628933, 95.91711537825695], "test_loss": -1, "test_acc": -1, "model_state_file": "model_storage/dial-stan_2\\model.pth", "vectorizer_file": "model_storage/dial-stan_2\\vectorizer.json", "source_embedding_size": 64, "target_embedding_size": 64, "encoding_size": 64, "seed": 1664, "dataset_csv": "datas\\output\\jeonla_dialect_integration.csv", "compiled": false}