{"gyeongsang": {"baseline_bert_score": 0.7517299149610965, "pred_bert_score": 0.7513963598470192}, "jeonla": {"baseline_bert_score": 0.7439843571847949, "pred_bert_score": 0.7435117722213781}, "jeju": {"baseline_bert_score": 0.726560022228045, "pred_bert_score": 0.7372709646190253}, "chungcheong": {"baseline_bert_score": 0.7501108411804626, "pred_bert_score": 0.7502965134626941}, "gangwon": {"baseline_bert_score": 0.7413040779825045, "pred_bert_score": 0.7417656531758193}}