{"gyeongsang": {"baseline_bert_score": 0.7137385350164326, "pred_bert_score": 0.7147228009451518}, "jeonla": {"baseline_bert_score": 0.708109737028581, "pred_bert_score": 0.7095915556357607}, "jeju": {"baseline_bert_score": 0.6902511687401053, "pred_bert_score": 0.7045958319940195}, "chungcheong": {"baseline_bert_score": 0.7141800740348665, "pred_bert_score": 0.7154953984966403}, "gangwon": {"baseline_bert_score": 0.7034315455510598, "pred_bert_score": 0.706354479441548}}