{"gyeongsang": {"baseline_bert_score": 0.9122999911710137, "pred_bert_score": 0.9121988845813089}, "jeonla": {"baseline_bert_score": 0.9095453118086416, "pred_bert_score": 0.9098898796270709}, "jeju": {"baseline_bert_score": 0.8985377646538039, "pred_bert_score": 0.905135279650645}, "chungcheong": {"baseline_bert_score": 0.9093252355881707, "pred_bert_score": 0.9099773195014931}, "gangwon": {"baseline_bert_score": 0.905617026152725, "pred_bert_score": 0.9068507538655894}}