{"gyeongsang": {"baseline_bert_score": 0.9156904408310647, "pred_bert_score": 0.9153321960647569}, "jeonla": {"baseline_bert_score": 0.9121521026975866, "pred_bert_score": 0.9117419352778272}, "jeju": {"baseline_bert_score": 0.9045853470541537, "pred_bert_score": 0.9078785813936809}, "chungcheong": {"baseline_bert_score": 0.9145859988891185, "pred_bert_score": 0.9144137598144381}, "gangwon": {"baseline_bert_score": 0.9099069696302201, "pred_bert_score": 0.9097351764130523}}