{"gyeongsang": {"baseline_bert_score": 0.9017527771238317, "pred_bert_score": 0.901924692074599}, "jeonla": {"baseline_bert_score": 0.8979514906152634, "pred_bert_score": 0.8982999744171726}, "jeju": {"baseline_bert_score": 0.8884570231191814, "pred_bert_score": 0.8938002090794721}, "chungcheong": {"baseline_bert_score": 0.9003935988817987, "pred_bert_score": 0.9007487084903215}, "gangwon": {"baseline_bert_score": 0.8970653455290384, "pred_bert_score": 0.8977190417252618}}