{"gyeongsang": {"baseline_bert_score": 0.8961611805125993, "pred_bert_score": 0.8985165915200551}, "jeonla": {"baseline_bert_score": 0.893705987511906, "pred_bert_score": 0.8964270442364383}, "jeju": {"baseline_bert_score": 0.8818442360481767, "pred_bert_score": 0.8919838638671612}, "chungcheong": {"baseline_bert_score": 0.8939945457556984, "pred_bert_score": 0.8968132530248488}, "gangwon": {"baseline_bert_score": 0.8914515222526499, "pred_bert_score": 0.8954155233790367}}