{"gyeongsang": {"baseline_bert_score": 0.8989153114861631, "pred_bert_score": 0.8990975047959474}, "jeonla": {"baseline_bert_score": 0.895006476563055, "pred_bert_score": 0.8951182062119581}, "jeju": {"baseline_bert_score": 0.886979678618865, "pred_bert_score": 0.8908615881244137}, "chungcheong": {"baseline_bert_score": 0.89778847637487, "pred_bert_score": 0.8980280991704841}, "gangwon": {"baseline_bert_score": 0.8948272854566532, "pred_bert_score": 0.8954621126090725}}