{"gyeongsang": {"baseline_bert_score": 0.894071244383558, "pred_bert_score": 0.8959937478021823}, "jeonla": {"baseline_bert_score": 0.8921364333995943, "pred_bert_score": 0.8938892419836711}, "jeju": {"baseline_bert_score": 0.8814882992770574, "pred_bert_score": 0.8889233081692642}, "chungcheong": {"baseline_bert_score": 0.8921654300195775, "pred_bert_score": 0.894280555473521}, "gangwon": {"baseline_bert_score": 0.8892377126164421, "pred_bert_score": 0.8933211966737761}}