{"gyeongsang": {"baseline_bert_score": 0.8704437779721198, "pred_bert_score": 0.9521155163007918}, "jeonla": {"baseline_bert_score": 0.8787229318129395, "pred_bert_score": 0.9424070551452114}, "jeju": {"baseline_bert_score": 0.8252175490489511, "pred_bert_score": 0.914553345632929}, "chungcheong": {"baseline_bert_score": 0.8800137117557539, "pred_bert_score": 0.9590237771577227}, "gangwon": {"baseline_bert_score": 0.8566361059040857, "pred_bert_score": 0.9299690180392177}}