{"gyeongsang": {"baseline_bert_score": 0.9154297822453239, "pred_bert_score": 0.9580011477549423}, "jeonla": {"baseline_bert_score": 0.913038059016401, "pred_bert_score": 0.9469199352755171}, "jeju": {"baseline_bert_score": 0.8482869769778933, "pred_bert_score": 0.9144510187625383}, "chungcheong": {"baseline_bert_score": 0.9149824297071701, "pred_bert_score": 0.9631886205032713}, "gangwon": {"baseline_bert_score": 0.8950894495639022, "pred_bert_score": 0.9384697437922699}}