{"gyeongsang": {"baseline_bert_score": 0.8580453715996231, "pred_bert_score": 0.9465022093506947}, "jeonla": {"baseline_bert_score": 0.8626121088192424, "pred_bert_score": 0.936291499941548}, "jeju": {"baseline_bert_score": 0.7989630029398502, "pred_bert_score": 0.9061801430760572}, "chungcheong": {"baseline_bert_score": 0.8669341824995053, "pred_bert_score": 0.9553874823498547}, "gangwon": {"baseline_bert_score": 0.8423572476672208, "pred_bert_score": 0.9243166617319373}}