{"gyeongsang": {"baseline_bert_score": 0.8802795532173233, "pred_bert_score": 0.933258677174532}, "jeonla": {"baseline_bert_score": 0.8760292663862149, "pred_bert_score": 0.923066831110946}, "jeju": {"baseline_bert_score": 0.7942841562054479, "pred_bert_score": 0.8833545854712859}, "chungcheong": {"baseline_bert_score": 0.8795220080387973, "pred_bert_score": 0.9392510556921322}, "gangwon": {"baseline_bert_score": 0.8522953612607868, "pred_bert_score": 0.9091290414387583}}